[{"@type":"mappingTemplate","id":"@1","name":"Mapping_PyaePreview","description":"","autoExpireObject":false,"bundleVersion":"0","assetFrsGuid":"8zovJf8GvnucaukDrACu8Y","templateId":"@3","hasParameters":false,"valid":false,"fixedConnection":true,"hasParametersDeployed":false,"fixedConnectionDeployed":false,"isSchemaValidationEnabled":false,"tasks":0,"mappingPreviewFileRecordId":"@2","documentType":"MAPPING","allowMaxFieldLength":false,"specialCharacterSupport":false,"references":[{"@type":"reference","refObjectId":"@1SNelRtW6IldJ9RKucYGIa","refType":"connection"}]}]